{
	"name": "autosize",
	"title": "Autosize",
	"description": "Allows textarea elements to automatically adjust their height based on user input.",
	"keywords": [
		"form",
		"textarea",
		"ui"
	],
	"version": "1.16.5",
	"author": {
		"name": "Jack Moore",
		"url": "http://www.jacklmoore.com",
		"email": "jack@colorpowered.com"
	},
	"licenses": [
		{
			"type": "MIT",
			"url": "http://www.opensource.org/licenses/mit-license.php"
		}
	],
	"homepage": "http://jacklmoore.com/autosize",
	"demo": "http://jacklmoore.com/autosize",
	"dependencies": {
		"jquery": ">=1.4"
	}
}